Spin_1,Spin_2,Spin_3,Spin_4,Spin_5,Spin_6,Spin_7,Spin_8,Spin_9,Spin_10,Spin_11,Spin_12,Target
3,2,23,3,22,12,11,25,36,15,22,35,5
2,23,3,22,12,11,25,36,15,22,35,5,23
23,3,22,12,11,25,36,15,22,35,5,23,17
3,22,12,11,25,36,15,22,35,5,23,17,26
22,12,11,25,36,15,22,35,5,23,17,26,19
12,11,25,36,15,22,35,5,23,17,26,19,27
11,25,36,15,22,35,5,23,17,26,19,27,10
25,36,15,22,35,5,23,17,26,19,27,10,15
36,15,22,35,5,23,17,26,19,27,10,15,2
15,22,35,5,23,17,26,19,27,10,15,2,21
22,35,5,23,17,26,19,27,10,15,2,21,9
35,5,23,17,26,19,27,10,15,2,21,9,17
5,23,17,26,19,27,10,15,2,21,9,17,26
23,17,26,19,27,10,15,2,21,9,17,26,6
17,26,19,27,10,15,2,21,9,17,26,6,33
26,19,27,10,15,2,21,9,17,26,6,33,9
19,27,10,15,2,21,9,17,26,6,33,9,11
27,10,15,2,21,9,17,26,6,33,9,11,8
10,15,2,21,9,17,26,6,33,9,11,8,35
15,2,21,9,17,26,6,33,9,11,8,35,6
2,21,9,17,26,6,33,9,11,8,35,6,18
21,9,17,26,6,33,9,11,8,35,6,18,15
9,17,26,6,33,9,11,8,35,6,18,15,5
17,26,6,33,9,11,8,35,6,18,15,5,21
26,6,33,9,11,8,35,6,18,15,5,21,5
6,33,9,11,8,35,6,18,15,5,21,5,16
33,9,11,8,35,6,18,15,5,21,5,16,22
9,11,8,35,6,18,15,5,21,5,16,22,2
11,8,35,6,18,15,5,21,5,16,22,2,26
8,35,6,18,15,5,21,5,16,22,2,26,26
35,6,18,15,5,21,5,16,22,2,26,26,22
6,18,15,5,21,5,16,22,2,26,26,22,27
18,15,5,21,5,16,22,2,26,26,22,27,27
15,5,21,5,16,22,2,26,26,22,27,27,9
5,21,5,16,22,2,26,26,22,27,27,9,3
21,5,16,22,2,26,26,22,27,27,9,3,11
5,16,22,2,26,26,22,27,27,9,3,11,3
16,22,2,26,26,22,27,27,9,3,11,3,29
22,2,26,26,22,27,27,9,3,11,3,29,34
2,26,26,22,27,27,9,3,11,3,29,34,9
26,26,22,27,27,9,3,11,3,29,34,9,17
26,22,27,27,9,3,11,3,29,34,9,17,2
22,27,27,9,3,11,3,29,34,9,17,2,32
27,27,9,3,11,3,29,34,9,17,2,32,7
27,9,3,11,3,29,34,9,17,2,32,7,32
9,3,11,3,29,34,9,17,2,32,7,32,27
3,11,3,29,34,9,17,2,32,7,32,27,26
11,3,29,34,9,17,2,32,7,32,27,26,8
3,29,34,9,17,2,32,7,32,27,26,8,21
29,34,9,17,2,32,7,32,27,26,8,21,27
34,9,17,2,32,7,32,27,26,8,21,27,21
9,17,2,32,7,32,27,26,8,21,27,21,14
17,2,32,7,32,27,26,8,21,27,21,14,22
2,32,7,32,27,26,8,21,27,21,14,22,27
32,7,32,27,26,8,21,27,21,14,22,27,28
7,32,27,26,8,21,27,21,14,22,27,28,15
32,27,26,8,21,27,21,14,22,27,28,15,14
27,26,8,21,27,21,14,22,27,28,15,14,3
26,8,21,27,21,14,22,27,28,15,14,3,27
8,21,27,21,14,22,27,28,15,14,3,27,16
21,27,21,14,22,27,28,15,14,3,27,16,25
27,21,14,22,27,28,15,14,3,27,16,25,12
21,14,22,27,28,15,14,3,27,16,25,12,8
14,22,27,28,15,14,3,27,16,25,12,8,1
22,27,28,15,14,3,27,16,25,12,8,1,0
27,28,15,14,3,27,16,25,12,8,1,0,31
28,15,14,3,27,16,25,12,8,1,0,31,5
15,14,3,27,16,25,12,8,1,0,31,5,22
14,3,27,16,25,12,8,1,0,31,5,22,0
3,27,16,25,12,8,1,0,31,5,22,0,19
27,16,25,12,8,1,0,31,5,22,0,19,24
16,25,12,8,1,0,31,5,22,0,19,24,33
25,12,8,1,0,31,5,22,0,19,24,33,12
12,8,1,0,31,5,22,0,19,24,33,12,23
8,1,0,31,5,22,0,19,24,33,12,23,35
1,0,31,5,22,0,19,24,33,12,23,35,35
0,31,5,22,0,19,24,33,12,23,35,35,13
31,5,22,0,19,24,33,12,23,35,35,13,24
5,22,0,19,24,33,12,23,35,35,13,24,26
22,0,19,24,33,12,23,35,35,13,24,26,15
0,19,24,33,12,23,35,35,13,24,26,15,16
19,24,33,12,23,35,35,13,24,26,15,16,12
24,33,12,23,35,35,13,24,26,15,16,12,3
33,12,23,35,35,13,24,26,15,16,12,3,31
12,23,35,35,13,24,26,15,16,12,3,31,24
23,35,35,13,24,26,15,16,12,3,31,24,10
35,35,13,24,26,15,16,12,3,31,24,10,4
35,13,24,26,15,16,12,3,31,24,10,4,24
13,24,26,15,16,12,3,31,24,10,4,24,21
24,26,15,16,12,3,31,24,10,4,24,21,28
26,15,16,12,3,31,24,10,4,24,21,28,36
15,16,12,3,31,24,10,4,24,21,28,36,22
16,12,3,31,24,10,4,24,21,28,36,22,3
12,3,31,24,10,4,24,21,28,36,22,3,2
3,31,24,10,4,24,21,28,36,22,3,2,11
31,24,10,4,24,21,28,36,22,3,2,11,31
24,10,4,24,21,28,36,22,3,2,11,31,4
10,4,24,21,28,36,22,3,2,11,31,4,15
4,24,21,28,36,22,3,2,11,31,4,15,36
24,21,28,36,22,3,2,11,31,4,15,36,15
21,28,36,22,3,2,11,31,4,15,36,15,29
28,36,22,3,2,11,31,4,15,36,15,29,0
36,22,3,2,11,31,4,15,36,15,29,0,13
22,3,2,11,31,4,15,36,15,29,0,13,26
3,2,11,31,4,15,36,15,29,0,13,26,35
2,11,31,4,15,36,15,29,0,13,26,35,31
11,31,4,15,36,15,29,0,13,26,35,31,31
31,4,15,36,15,29,0,13,26,35,31,31,23
4,15,36,15,29,0,13,26,35,31,31,23,26
15,36,15,29,0,13,26,35,31,31,23,26,17
36,15,29,0,13,26,35,31,31,23,26,17,17
15,29,0,13,26,35,31,31,23,26,17,17,3
29,0,13,26,35,31,31,23,26,17,17,3,10
0,13,26,35,31,31,23,26,17,17,3,10,11
13,26,35,31,31,23,26,17,17,3,10,11,17
26,35,31,31,23,26,17,17,3,10,11,17,0
35,31,31,23,26,17,17,3,10,11,17,0,20
31,31,23,26,17,17,3,10,11,17,0,20,35
31,23,26,17,17,3,10,11,17,0,20,35,5
23,26,17,17,3,10,11,17,0,20,35,5,24
26,17,17,3,10,11,17,0,20,35,5,24,36
17,17,3,10,11,17,0,20,35,5,24,36,30
17,3,10,11,17,0,20,35,5,24,36,30,14
3,10,11,17,0,20,35,5,24,36,30,14,28
10,11,17,0,20,35,5,24,36,30,14,28,14
11,17,0,20,35,5,24,36,30,14,28,14,3
17,0,20,35,5,24,36,30,14,28,14,3,14
0,20,35,5,24,36,30,14,28,14,3,14,31
20,35,5,24,36,30,14,28,14,3,14,31,34
35,5,24,36,30,14,28,14,3,14,31,34,3
5,24,36,30,14,28,14,3,14,31,34,3,3
24,36,30,14,28,14,3,14,31,34,3,3,28
36,30,14,28,14,3,14,31,34,3,3,28,20
30,14,28,14,3,14,31,34,3,3,28,20,1
14,28,14,3,14,31,34,3,3,28,20,1,31
28,14,3,14,31,34,3,3,28,20,1,31,6
14,3,14,31,34,3,3,28,20,1,31,6,14
3,14,31,34,3,3,28,20,1,31,6,14,21
14,31,34,3,3,28,20,1,31,6,14,21,23
31,34,3,3,28,20,1,31,6,14,21,23,8
34,3,3,28,20,1,31,6,14,21,23,8,11
3,3,28,20,1,31,6,14,21,23,8,11,29
3,28,20,1,31,6,14,21,23,8,11,29,16
28,20,1,31,6,14,21,23,8,11,29,16,28
20,1,31,6,14,21,23,8,11,29,16,28,1
1,31,6,14,21,23,8,11,29,16,28,1,27
31,6,14,21,23,8,11,29,16,28,1,27,21
6,14,21,23,8,11,29,16,28,1,27,21,9
14,21,23,8,11,29,16,28,1,27,21,9,1
21,23,8,11,29,16,28,1,27,21,9,1,19
23,8,11,29,16,28,1,27,21,9,1,19,14
8,11,29,16,28,1,27,21,9,1,19,14,19
11,29,16,28,1,27,21,9,1,19,14,19,3
29,16,28,1,27,21,9,1,19,14,19,3,21
16,28,1,27,21,9,1,19,14,19,3,21,5
28,1,27,21,9,1,19,14,19,3,21,5,34
1,27,21,9,1,19,14,19,3,21,5,34,16
27,21,9,1,19,14,19,3,21,5,34,16,7
21,9,1,19,14,19,3,21,5,34,16,7,22
9,1,19,14,19,3,21,5,34,16,7,22,35
1,19,14,19,3,21,5,34,16,7,22,35,27
19,14,19,3,21,5,34,16,7,22,35,27,0
14,19,3,21,5,34,16,7,22,35,27,0,21
19,3,21,5,34,16,7,22,35,27,0,21,13
3,21,5,34,16,7,22,35,27,0,21,13,8
21,5,34,16,7,22,35,27,0,21,13,8,31
5,34,16,7,22,35,27,0,21,13,8,31,14
34,16,7,22,35,27,0,21,13,8,31,14,21
16,7,22,35,27,0,21,13,8,31,14,21,5
7,22,35,27,0,21,13,8,31,14,21,5,4
22,35,27,0,21,13,8,31,14,21,5,4,18
35,27,0,21,13,8,31,14,21,5,4,18,25
27,0,21,13,8,31,14,21,5,4,18,25,32
0,21,13,8,31,14,21,5,4,18,25,32,16
21,13,8,31,14,21,5,4,18,25,32,16,19
13,8,31,14,21,5,4,18,25,32,16,19,25
8,31,14,21,5,4,18,25,32,16,19,25,14
31,14,21,5,4,18,25,32,16,19,25,14,34
14,21,5,4,18,25,32,16,19,25,14,34,12
21,5,4,18,25,32,16,19,25,14,34,12,22
5,4,18,25,32,16,19,25,14,34,12,22,28
4,18,25,32,16,19,25,14,34,12,22,28,36
18,25,32,16,19,25,14,34,12,22,28,36,17
25,32,16,19,25,14,34,12,22,28,36,17,18
32,16,19,25,14,34,12,22,28,36,17,18,30
16,19,25,14,34,12,22,28,36,17,18,30,7
19,25,14,34,12,22,28,36,17,18,30,7,7
25,14,34,12,22,28,36,17,18,30,7,7,29
